seq	wave	priority	lane	storefront_status	handle	title_en	product_url	draft_packet04	translation_mode	source_capture	translation_1to1	completeness_check	import_to_test	visual_qa	notes
1	Wave 01	P0	starter_kits	ACTIVE	candle-business-starter-kit	Candle Business Starter Kit	https://aromawax.eu/products/candle-business-starter-kit	YES	FULL_REWRITE_1_TO_1	CAPTURED	DRAFTED	LOCAL_PASS	PENDING	PENDING	Wave 01 1:1 rewrite drafted in data/translation/pt-PT/pdp-wave-01-1to1-rewrite.md
2	Wave 01	P0	starter_kits	ACTIVE	home-fragrances-business-starter-kit	Home Fragrances Business Starter Kit	https://aromawax.eu/products/home-fragrances-business-starter-kit	YES	FULL_REWRITE_1_TO_1	CAPTURED	DRAFTED	LOCAL_PASS	PENDING	PENDING	Wave 01 1:1 rewrite drafted in data/translation/pt-PT/pdp-wave-01-1to1-rewrite.md
3	Wave 01	P0	sample_kits	ACTIVE	all-seasons-classics-fragrance-oils-kit	All-Seasons Classics Fragrance Oils Kit	https://aromawax.eu/products/all-seasons-classics-fragrance-oils-kit	YES	FULL_REWRITE_1_TO_1	CAPTURED	DRAFTED	LOCAL_PASS	PENDING	PENDING	Wave 01 1:1 rewrite drafted in data/translation/pt-PT/pdp-wave-01-1to1-rewrite.md
4	Wave 01	P0	sample_kits	ACTIVE	autumn-and-holidays-fragrance-oils-2025-kit	Autumn and Holidays Fragrance Oils Kit	https://aromawax.eu/products/autumn-and-holidays-fragrance-oils-2025-kit	YES	FULL_REWRITE_1_TO_1	CAPTURED	DRAFTED	LOCAL_PASS	PENDING	PENDING	Wave 01 1:1 rewrite drafted in data/translation/pt-PT/pdp-wave-01-1to1-rewrite.md
5	Wave 01	P0	sample_kits	ACTIVE	my-first-collection-fragrance-oils-kit	My First Collection Fragrance Oils Kit	https://aromawax.eu/products/my-first-collection-fragrance-oils-kit	YES	FULL_REWRITE_1_TO_1	CAPTURED	DRAFTED	LOCAL_PASS	PENDING	PENDING	Wave 01 1:1 rewrite drafted in data/translation/pt-PT/pdp-wave-01-1to1-rewrite.md
6	Wave 01	P0	sample_kits	ACTIVE	simply-delicious-fragrances-kit	Simply Delicious Fragrances Kit	https://aromawax.eu/products/simply-delicious-fragrances-kit	YES	FULL_REWRITE_1_TO_1	CAPTURED	DRAFTED	LOCAL_PASS	PENDING	PENDING	Wave 01 1:1 rewrite drafted in data/translation/pt-PT/pdp-wave-01-1to1-rewrite.md
7	Wave 01	P0	sample_kits	ACTIVE	summer-2026-fragrance-oils-kit	Summer Fragrance Oils Kit	https://aromawax.eu/products/summer-2026-fragrance-oils-kit	YES	FULL_REWRITE_1_TO_1	CAPTURED	DRAFTED	LOCAL_PASS	PENDING	PENDING	Wave 01 1:1 rewrite drafted in data/translation/pt-PT/pdp-wave-01-1to1-rewrite.md
8	Wave 01	P0	sample_kits	ACTIVE	winter-fragrances-kit	Winter Fragrance Oils Kit	https://aromawax.eu/products/winter-fragrances-kit	YES	FULL_REWRITE_1_TO_1	CAPTURED	DRAFTED	LOCAL_PASS	PENDING	PENDING	Wave 01 1:1 rewrite drafted in data/translation/pt-PT/pdp-wave-01-1to1-rewrite.md
9	Wave 02	P1	waxes	ACTIVE	ecoolive™-pillar-wax	EcoOlive™ Pillar Wax	https://aromawax.eu/products/ecoolive™-pillar-wax	YES	FULL_REWRITE_1_TO_1	CAPTURED	DRAFTED	LOCAL_PASS	PENDING	PENDING	Non-standard handle characters present; do not touch handle while working on descriptions. Wave 02 1:1 rewrite drafted in data/translation/pt-PT/pdp-wave-02-1to1-rewrite.md
10	Wave 02	P1	waxes	ACTIVE	ecosoya™-cb-advanced-container-wax	EcoSoya™ CB-Advanced Container Wax	https://aromawax.eu/products/ecosoya™-cb-advanced-container-wax	YES	FULL_REWRITE_1_TO_1	CAPTURED	DRAFTED	LOCAL_PASS	PENDING	PENDING	Non-standard handle characters present; do not touch handle while working on descriptions. Wave 02 1:1 rewrite drafted in data/translation/pt-PT/pdp-wave-02-1to1-rewrite.md
11	Wave 02	P1	waxes	ACTIVE	ecosoya™-pillarblend-wax	EcoSoya™ PillarBlend Wax	https://aromawax.eu/products/ecosoya™-pillarblend-wax	YES	FULL_REWRITE_1_TO_1	CAPTURED	DRAFTED	LOCAL_PASS	PENDING	PENDING	Non-standard handle characters present; do not touch handle while working on descriptions. Wave 02 1:1 rewrite drafted in data/translation/pt-PT/pdp-wave-02-1to1-rewrite.md
12	Wave 02	P1	waxes	ACTIVE	golden-waxtm-464-container-soy-wax	Golden Wax™ 464 Сontainer Wax	https://aromawax.eu/products/golden-waxtm-464-container-soy-wax	YES	FULL_REWRITE_1_TO_1	CAPTURED	DRAFTED	LOCAL_PASS	PENDING	PENDING	Wave 02 1:1 rewrite drafted in data/translation/pt-PT/pdp-wave-02-1to1-rewrite.md
13	Wave 02	P1	waxes	ACTIVE	golden-wax™-r45-сontainer-wax	Golden Wax™ R45+ Сontainer Wax	https://aromawax.eu/products/golden-wax™-r45-сontainer-wax	YES	FULL_REWRITE_1_TO_1	CAPTURED	DRAFTED	LOCAL_PASS	PENDING	PENDING	Non-standard handle characters present; do not touch handle while working on descriptions. Wave 02 1:1 rewrite drafted in data/translation/pt-PT/pdp-wave-02-1to1-rewrite.md
14	Wave 02	P1	waxes	ACTIVE	golden-wax™-y50-wax-melts-wax	Golden Wax™ Y50 Wax Melts Wax	https://aromawax.eu/products/golden-wax™-y50-wax-melts-wax	YES	FULL_REWRITE_1_TO_1	CAPTURED	DRAFTED	LOCAL_PASS	PENDING	PENDING	Non-standard handle characters present; do not touch handle while working on descriptions. Wave 02 1:1 rewrite drafted in data/translation/pt-PT/pdp-wave-02-1to1-rewrite.md
15	Wave 02	P1	waxes	ACTIVE	kerasoy™-pillar-wax-4120	KeraSoy™ Pillar Wax 4120	https://aromawax.eu/products/kerasoy™-pillar-wax-4120	YES	FULL_REWRITE_1_TO_1	CAPTURED	DRAFTED	LOCAL_PASS	PENDING	PENDING	Non-standard handle characters present; do not touch handle while working on descriptions. Wave 02 1:1 rewrite drafted in data/translation/pt-PT/pdp-wave-02-1to1-rewrite.md
16	Wave 02	P1	waxes	ACTIVE	naturewax™-c-3-container-soy-wax	NatureWax™ C-3 Container Soy Wax	https://aromawax.eu/products/naturewax™-c-3-container-soy-wax	YES	FULL_REWRITE_1_TO_1	CAPTURED	DRAFTED	LOCAL_PASS	PENDING	PENDING	Non-standard handle characters present; do not touch handle while working on descriptions. Wave 02 1:1 rewrite drafted in data/translation/pt-PT/pdp-wave-02-1to1-rewrite.md
17	Wave 02	P1	wicks	ACTIVE	braded-cotton-wicks	Braded Cotton Wicks	https://aromawax.eu/products/braded-cotton-wicks	YES	FULL_REWRITE_1_TO_1	CAPTURED	DRAFTED	LOCAL_PASS	PENDING	PENDING	Handle/title typo: Braded Cotton Wicks. Wave 02 1:1 rewrite drafted in data/translation/pt-PT/pdp-wave-02-1to1-rewrite.md
18	Wave 02	P1	wicks	ACTIVE	wk-st-stabilo-series-cotton-wicks	Stabilo Series Cotton Wicks	https://aromawax.eu/products/wk-st-stabilo-series-cotton-wicks	YES	FULL_REWRITE_1_TO_1	CAPTURED	DRAFTED	LOCAL_PASS	PENDING	PENDING	Wave 02 1:1 rewrite drafted in data/translation/pt-PT/pdp-wave-02-1to1-rewrite.md
19	Wave 02	P1	wicks	ACTIVE	tcr-series-cotton-wicks	TCR Series Cotton Wicks	https://aromawax.eu/products/tcr-series-cotton-wicks	YES	FULL_REWRITE_1_TO_1	CAPTURED	DRAFTED	LOCAL_PASS	PENDING	PENDING	Wave 02 1:1 rewrite drafted in data/translation/pt-PT/pdp-wave-02-1to1-rewrite.md
20	Wave 03	P1	bases_additives	ACTIVE	augeo-diffuser-base	Augeo Diffuser Base	https://aromawax.eu/products/augeo-diffuser-base	YES	FULL_REWRITE_1_TO_1	CAPTURED	DRAFTED	LOCAL_PASS	PENDING	PENDING	Wave 03 1:1 rewrite drafted in data/translation/pt-PT/pdp-wave-03-1to1-rewrite.md
21	Wave 03	P1	bases_additives	ACTIVE	solubilizer-polysorbate-20	Solubilizer Polysorbate 20	https://aromawax.eu/products/solubilizer-polysorbate-20	YES	FULL_REWRITE_1_TO_1	CAPTURED	DRAFTED	LOCAL_PASS	PENDING	PENDING	Wave 03 1:1 rewrite drafted in data/translation/pt-PT/pdp-wave-03-1to1-rewrite.md
22	Wave 03	P1	bases_additives	ACTIVE	tefacid®-stearic-acid	Tefacid® Stearic Acid	https://aromawax.eu/products/tefacid®-stearic-acid	YES	FULL_REWRITE_1_TO_1	CAPTURED	DRAFTED	LOCAL_PASS	PENDING	PENDING	Non-standard handle characters present; do not touch handle while working on descriptions. Wave 03 1:1 rewrite drafted in data/translation/pt-PT/pdp-wave-03-1to1-rewrite.md
23	Wave 03	P1	reeds	ACTIVE	classic-reed-diffuser-bottles-100-ml	Classic Reed Diffuser Bottle with Cork and Cap, 100 ml	https://aromawax.eu/products/classic-reed-diffuser-bottles-100-ml	YES	FULL_REWRITE_1_TO_1	CAPTURED	DRAFTED	LOCAL_PASS	PENDING	PENDING	Wave 03 1:1 rewrite drafted in data/translation/pt-PT/pdp-wave-03-1to1-rewrite.md
24	Wave 03	P1	reeds	ACTIVE	classic-reed-diffuser-bottles-50-ml	Classic Reed Diffuser Bottle with Cork and Cap, 50 ml	https://aromawax.eu/products/classic-reed-diffuser-bottles-50-ml	YES	FULL_REWRITE_1_TO_1	CAPTURED	DRAFTED	LOCAL_PASS	PENDING	PENDING	Wave 03 1:1 rewrite drafted in data/translation/pt-PT/pdp-wave-03-1to1-rewrite.md
25	Wave 03	P1	reeds	ACTIVE	fiber-diffuser-reeds	Fiber Diffuser Reeds	https://aromawax.eu/products/fiber-diffuser-reeds	YES	FULL_REWRITE_1_TO_1	CAPTURED	DRAFTED	LOCAL_PASS	PENDING	PENDING	Wave 03 1:1 rewrite drafted in data/translation/pt-PT/pdp-wave-03-1to1-rewrite.md
26	Wave 03	P1	reeds	ACTIVE	rattan-diffuser-reeds	Rattan Diffuser Reeds	https://aromawax.eu/products/rattan-diffuser-reeds	YES	FULL_REWRITE_1_TO_1	CAPTURED	DRAFTED	LOCAL_PASS	PENDING	PENDING	Wave 03 1:1 rewrite drafted in data/translation/pt-PT/pdp-wave-03-1to1-rewrite.md
27	Wave 04	P2	containers_packaging	ACTIVE	diffuser-bottle-and-metal-screw-cap-125-ml	Apothecary Diffuser Bottle and Metal Screw Cap, 125 ml	https://aromawax.eu/products/diffuser-bottle-and-metal-screw-cap-125-ml	YES	FULL_REWRITE_1_TO_1	CAPTURED	DRAFTED	LOCAL_PASS	PENDING	PENDING	Wave 04 1:1 rewrite drafted in data/translation/pt-PT/pdp-wave-04-1to1-rewrite.md
28	Wave 04	P2	containers_packaging	ACTIVE	apothecary-diffuser-bottle-and-metal-screw-cap-60-ml	Apothecary Diffuser Bottle and Metal Screw Cap, 60 ml	https://aromawax.eu/products/apothecary-diffuser-bottle-and-metal-screw-cap-60-ml	YES	FULL_REWRITE_1_TO_1	CAPTURED	DRAFTED	LOCAL_PASS	PENDING	PENDING	Wave 04 1:1 rewrite drafted in data/translation/pt-PT/pdp-wave-04-1to1-rewrite.md
29	Wave 04	P2	containers_packaging	ACTIVE	apothecary-room-spray-bottle-and-sprayer-125-ml	Apothecary Room Spray Bottle and Sprayer, 125 ml	https://aromawax.eu/products/apothecary-room-spray-bottle-and-sprayer-125-ml	YES	FULL_REWRITE_1_TO_1	CAPTURED	DRAFTED	LOCAL_PASS	PENDING	PENDING	Wave 04 1:1 rewrite drafted in data/translation/pt-PT/pdp-wave-04-1to1-rewrite.md
30	Wave 04	P2	containers_packaging	ACTIVE	rooom-spray-bottle-and-sprayer-60ml	Apothecary Room Spray Bottle and Sprayer, 60 ml	https://aromawax.eu/products/rooom-spray-bottle-and-sprayer-60ml	YES	FULL_REWRITE_1_TO_1	CAPTURED	DRAFTED	LOCAL_PASS	PENDING	PENDING	Handle typo: rooom-spray. Wave 04 1:1 rewrite drafted in data/translation/pt-PT/pdp-wave-04-1to1-rewrite.md
31	Wave 04	P2	containers_packaging	ACTIVE	glass-jar-metal-screw-cap-200-ml	Glass Jar and Metal Screw Cap, 200 ml	https://aromawax.eu/products/glass-jar-metal-screw-cap-200-ml	YES	FULL_REWRITE_1_TO_1	CAPTURED	DRAFTED	LOCAL_PASS	PENDING	PENDING	Wave 04 1:1 rewrite drafted in data/translation/pt-PT/pdp-wave-04-1to1-rewrite.md
32	Wave 04	P2	containers_packaging	ACTIVE	metal-can-lid-200-ml	Metal Can and Lid, 200 ml	https://aromawax.eu/products/metal-can-lid-200-ml	YES	FULL_REWRITE_1_TO_1	CAPTURED	DRAFTED	LOCAL_PASS	PENDING	PENDING	Wave 04 1:1 rewrite drafted in data/translation/pt-PT/pdp-wave-04-1to1-rewrite.md
33	Wave 04	P2	containers_packaging	ACTIVE	metal-can-lid-500-ml	Metal Can and Lid, 500 ml	https://aromawax.eu/products/metal-can-lid-500-ml	YES	FULL_REWRITE_1_TO_1	CAPTURED	DRAFTED	LOCAL_PASS	PENDING	PENDING	Wave 04 1:1 rewrite drafted in data/translation/pt-PT/pdp-wave-04-1to1-rewrite.md
34	Wave 04	P2	containers_packaging	ACTIVE	metal-lever-lid-can-250-ml	Metal Lever-lid Can, 250 ml	https://aromawax.eu/products/metal-lever-lid-can-250-ml	YES	FULL_REWRITE_1_TO_1	CAPTURED	DRAFTED	LOCAL_PASS	PENDING	PENDING	Wave 04 1:1 rewrite drafted in data/translation/pt-PT/pdp-wave-04-1to1-rewrite.md
35	Wave 04	P2	containers_packaging	ACTIVE	metal-screw-cap-70mm	Metal Screw Cap, 70mm	https://aromawax.eu/products/metal-screw-cap-70mm	YES	FULL_REWRITE_1_TO_1	CAPTURED	DRAFTED	LOCAL_PASS	PENDING	PENDING	Resolved 2026-04-16: live source description body aligned from 73 mm to 70 mm. Wave 04 1:1 rewrite drafted in data/translation/pt-PT/pdp-wave-04-1to1-rewrite.md
36	Wave 04	P2	containers_packaging	ACTIVE	metal-screw-cap-tin-10-ml	Metal Screw-cap Tin, 10 ml	https://aromawax.eu/products/metal-screw-cap-tin-10-ml	YES	FULL_REWRITE_1_TO_1	CAPTURED	DRAFTED	LOCAL_PASS	PENDING	PENDING	Resolved 2026-04-16: live source SEO title/description aligned from 100 ml to 10 ml. Wave 04 1:1 rewrite drafted in data/translation/pt-PT/pdp-wave-04-1to1-rewrite.md
37	Wave 04	P2	containers_packaging	ACTIVE	metal-screw-cap-tin-100-ml	Metal Screw-cap Tin, 100 ml	https://aromawax.eu/products/metal-screw-cap-tin-100-ml	YES	FULL_REWRITE_1_TO_1	CAPTURED	DRAFTED	LOCAL_PASS	PENDING	PENDING	Wave 04 1:1 rewrite drafted in data/translation/pt-PT/pdp-wave-04-1to1-rewrite.md
38	Wave 04	P2	containers_packaging	ACTIVE	room-spray-classic-bottle-125-ml	Room Spray Classic Bottle, 125 ml	https://aromawax.eu/products/room-spray-classic-bottle-125-ml	YES	FULL_REWRITE_1_TO_1	CAPTURED	DRAFTED	LOCAL_PASS	PENDING	PENDING	Wave 04 1:1 rewrite drafted in data/translation/pt-PT/pdp-wave-04-1to1-rewrite.md
39	Wave 04	P2	containers_packaging	ACTIVE	room-spray-classic-bottle-250-ml	Room Spray Classic Bottle, 250 ml	https://aromawax.eu/products/room-spray-classic-bottle-250-ml	YES	FULL_REWRITE_1_TO_1	CAPTURED	DRAFTED	LOCAL_PASS	PENDING	PENDING	Wave 04 1:1 rewrite drafted in data/translation/pt-PT/pdp-wave-04-1to1-rewrite.md
40	Wave 04	P2	dyes	ACTIVE	vibrant-black-liquid-dye	Vibrant Black Liquid Dye	https://aromawax.eu/products/vibrant-black-liquid-dye	YES	FULL_REWRITE_1_TO_1	CAPTURED	DRAFTED	LOCAL_PASS	PENDING	PENDING	Wave 04 1:1 rewrite drafted in data/translation/pt-PT/pdp-wave-04-1to1-rewrite.md
41	Wave 04	P2	dyes	ACTIVE	vibrant-blue-liquid-dye	Vibrant Blue Liquid Dye	https://aromawax.eu/products/vibrant-blue-liquid-dye	YES	FULL_REWRITE_1_TO_1	CAPTURED	DRAFTED	LOCAL_PASS	PENDING	PENDING	Wave 04 1:1 rewrite drafted in data/translation/pt-PT/pdp-wave-04-1to1-rewrite.md
42	Wave 04	P2	dyes	ACTIVE	vibrant-brown-liquid-dye	Vibrant Brown Liquid Dye	https://aromawax.eu/products/vibrant-brown-liquid-dye	YES	FULL_REWRITE_1_TO_1	CAPTURED	DRAFTED	LOCAL_PASS	PENDING	PENDING	Wave 04 1:1 rewrite drafted in data/translation/pt-PT/pdp-wave-04-1to1-rewrite.md
43	Wave 04	P2	dyes	ACTIVE	vibrant-burgundy-liquid-dye	Vibrant Burgundy Liquid Dye	https://aromawax.eu/products/vibrant-burgundy-liquid-dye	YES	FULL_REWRITE_1_TO_1	CAPTURED	DRAFTED	LOCAL_PASS	PENDING	PENDING	Wave 04 1:1 rewrite drafted in data/translation/pt-PT/pdp-wave-04-1to1-rewrite.md
44	Wave 04	P2	dyes	ACTIVE	vibrant-green-liquid-dye	Vibrant Green Liquid Dye	https://aromawax.eu/products/vibrant-green-liquid-dye	YES	FULL_REWRITE_1_TO_1	CAPTURED	DRAFTED	LOCAL_PASS	PENDING	PENDING	Wave 04 1:1 rewrite drafted in data/translation/pt-PT/pdp-wave-04-1to1-rewrite.md
45	Wave 04	P2	dyes	ACTIVE	vibrant-magenta-liquid-dye	Vibrant Magenta Liquid Dye	https://aromawax.eu/products/vibrant-magenta-liquid-dye	YES	FULL_REWRITE_1_TO_1	CAPTURED	DRAFTED	LOCAL_PASS	PENDING	PENDING	Wave 04 1:1 rewrite drafted in data/translation/pt-PT/pdp-wave-04-1to1-rewrite.md
46	Wave 04	P2	dyes	ACTIVE	vibrant-navy-liquid-dye	Vibrant Navy Liquid Dye	https://aromawax.eu/products/vibrant-navy-liquid-dye	YES	FULL_REWRITE_1_TO_1	CAPTURED	DRAFTED	LOCAL_PASS	PENDING	PENDING	Wave 04 1:1 rewrite drafted in data/translation/pt-PT/pdp-wave-04-1to1-rewrite.md
47	Wave 04	P2	dyes	ACTIVE	vibrant-olive-green-liquid-dye	Vibrant Olive Green Liquid Dye	https://aromawax.eu/products/vibrant-olive-green-liquid-dye	YES	FULL_REWRITE_1_TO_1	CAPTURED	DRAFTED	LOCAL_PASS	PENDING	PENDING	Source SEO title contains double spacing before Olive Green. Wave 04 1:1 rewrite drafted in data/translation/pt-PT/pdp-wave-04-1to1-rewrite.md
48	Wave 04	P2	dyes	ACTIVE	vibrant-orange-liquid-dye	Vibrant Orange Liquid Dye	https://aromawax.eu/products/vibrant-orange-liquid-dye	YES	FULL_REWRITE_1_TO_1	CAPTURED	DRAFTED	LOCAL_PASS	PENDING	PENDING	Wave 04 1:1 rewrite drafted in data/translation/pt-PT/pdp-wave-04-1to1-rewrite.md
49	Wave 04	P2	dyes	ACTIVE	vibrant-purple-liquid-dye	Vibrant Purple Liquid Dye	https://aromawax.eu/products/vibrant-purple-liquid-dye	YES	FULL_REWRITE_1_TO_1	CAPTURED	DRAFTED	LOCAL_PASS	PENDING	PENDING	Wave 04 1:1 rewrite drafted in data/translation/pt-PT/pdp-wave-04-1to1-rewrite.md
50	Wave 04	P2	dyes	ACTIVE	vibrant-red-liquid-dye	Vibrant Red Liquid Dye	https://aromawax.eu/products/vibrant-red-liquid-dye	YES	FULL_REWRITE_1_TO_1	CAPTURED	DRAFTED	LOCAL_PASS	PENDING	PENDING	Source SEO title contains double spacing before Red. Wave 04 1:1 rewrite drafted in data/translation/pt-PT/pdp-wave-04-1to1-rewrite.md
51	Wave 04	P2	dyes	ACTIVE	vibrant-yellow-liquid-dye	Vibrant Yellow Liquid Dye	https://aromawax.eu/products/vibrant-yellow-liquid-dye	YES	FULL_REWRITE_1_TO_1	CAPTURED	DRAFTED	LOCAL_PASS	PENDING	PENDING	Wave 04 1:1 rewrite drafted in data/translation/pt-PT/pdp-wave-04-1to1-rewrite.md
52	Wave 05	P3	fragrance_oils	ACTIVE	agarwood-noble-incense-fragrance-oil	Agarwood & Noble Incense Fragrance Oil	https://aromawax.eu/products/agarwood-noble-incense-fragrance-oil	YES	FULL_REWRITE_1_TO_1	CAPTURED	DRAFTED	LOCAL_PASS	PENDING	PENDING	Wave 05 1:1 rewrite drafted in data/translation/pt-PT/pdp-wave-05-1to1-rewrite.md
53	Wave 05	P3	fragrance_oils	ACTIVE	black-cherry-and-corsican-almond-fragrance-oil-1	Black Cherry and Corsican Almond Fragrance Oil	https://aromawax.eu/products/black-cherry-and-corsican-almond-fragrance-oil-1	YES	FULL_REWRITE_1_TO_1	CAPTURED	DRAFTED	LOCAL_PASS	PENDING	PENDING	Handle uses -1 suffix. Wave 05 1:1 rewrite drafted in data/translation/pt-PT/pdp-wave-05-1to1-rewrite.md
54	Wave 05	P3	fragrance_oils	ACTIVE	black-pepper-and-velvet-orchid-fragrance-oil	Black Pepper & Velvet Orchid Fragrance Oil	https://aromawax.eu/products/black-pepper-and-velvet-orchid-fragrance-oil	YES	FULL_REWRITE_1_TO_1	CAPTURED	DRAFTED	LOCAL_PASS	PENDING	PENDING	Wave 05 1:1 rewrite drafted in data/translation/pt-PT/pdp-wave-05-1to1-rewrite.md
55	Wave 05	P3	fragrance_oils	ACTIVE	black-pepper-sandalwood-tonka-fragrance-oil	Black Pepper, Sandalwood and Tonka Fragrance Oil	https://aromawax.eu/products/black-pepper-sandalwood-tonka-fragrance-oil	YES	FULL_REWRITE_1_TO_1	CAPTURED	DRAFTED	LOCAL_PASS	PENDING	PENDING	Wave 05 1:1 rewrite drafted in data/translation/pt-PT/pdp-wave-05-1to1-rewrite.md
56	Wave 05	P3	fragrance_oils	ACTIVE	by-the-fireside-fragrance-oil	By The Fireplace Fragrance Oil	https://aromawax.eu/products/by-the-fireside-fragrance-oil	YES	FULL_REWRITE_1_TO_1	CAPTURED	DRAFTED	LOCAL_PASS	PENDING	PENDING	Wave 05 1:1 rewrite drafted in data/translation/pt-PT/pdp-wave-05-1to1-rewrite.md
57	Wave 05	P3	fragrance_oils	ACTIVE	cashmere-wood-and-tonka-fragrance-oil	Cashmere Wood & Tonka Fragrance Oil	https://aromawax.eu/products/cashmere-wood-and-tonka-fragrance-oil	YES	FULL_REWRITE_1_TO_1	CAPTURED	DRAFTED	LOCAL_PASS	PENDING	PENDING	Wave 05 1:1 rewrite drafted in data/translation/pt-PT/pdp-wave-05-1to1-rewrite.md
58	Wave 05	P3	fragrance_oils	ACTIVE	christmas-hearth-fragrance-oil	Christmas Hearth Fragrance Oil	https://aromawax.eu/products/christmas-hearth-fragrance-oil	YES	FULL_REWRITE_1_TO_1	CAPTURED	DRAFTED	LOCAL_PASS	PENDING	PENDING	Wave 05 1:1 rewrite drafted in data/translation/pt-PT/pdp-wave-05-1to1-rewrite.md
59	Wave 05	P3	fragrance_oils	ACTIVE	dubai-pistachio-cream-fragrance-oil	Dubai Pistachio Cream Fragrance Oil	https://aromawax.eu/products/dubai-pistachio-cream-fragrance-oil	YES	FULL_REWRITE_1_TO_1	CAPTURED	DRAFTED	LOCAL_PASS	PENDING	PENDING	Wave 05 1:1 rewrite drafted in data/translation/pt-PT/pdp-wave-05-1to1-rewrite.md
60	Wave 05	P3	fragrance_oils	ACTIVE	fresh-cotton-and-green-tea-fragrance-oil	Fresh Cotton & Green Tea Fragrance Oil	https://aromawax.eu/products/fresh-cotton-and-green-tea-fragrance-oil	YES	FULL_REWRITE_1_TO_1	CAPTURED	DRAFTED	LOCAL_PASS	PENDING	PENDING	Wave 05 1:1 rewrite drafted in data/translation/pt-PT/pdp-wave-05-1to1-rewrite.md
61	Wave 05	P3	fragrance_oils	ACTIVE	fresh-cut-grass-fragrance-oil	Fresh Cut Grass Fragrance Oil	https://aromawax.eu/products/fresh-cut-grass-fragrance-oil	YES	FULL_REWRITE_1_TO_1	CAPTURED	DRAFTED	LOCAL_PASS	PENDING	PENDING	Wave 05 1:1 rewrite drafted in data/translation/pt-PT/pdp-wave-05-1to1-rewrite.md
62	Wave 05	P3	fragrance_oils	ACTIVE	fresh-cut-peony-fragrance-oil	Fresh Cut Peony Fragrance Oil	https://aromawax.eu/products/fresh-cut-peony-fragrance-oil	YES	FULL_REWRITE_1_TO_1	CAPTURED	DRAFTED	LOCAL_PASS	PENDING	PENDING	Wave 05 1:1 rewrite drafted in data/translation/pt-PT/pdp-wave-05-1to1-rewrite.md
63	Wave 05	P3	fragrance_oils	ACTIVE	green-cardamom-eucalyptus-fragrance-oil	Green Cardamom & Eucalyptus Fragrance Oil	https://aromawax.eu/products/green-cardamom-eucalyptus-fragrance-oil	YES	FULL_REWRITE_1_TO_1	CAPTURED	DRAFTED	LOCAL_PASS	PENDING	PENDING	Wave 05 1:1 rewrite drafted in data/translation/pt-PT/pdp-wave-05-1to1-rewrite.md
64	Wave 05	P3	fragrance_oils	ACTIVE	green-fig-and-wild-mushroom	Green Fig and Wild Mushroom Fragrance Oil	https://aromawax.eu/products/green-fig-and-wild-mushroom	YES	FULL_REWRITE_1_TO_1	CAPTURED	DRAFTED	LOCAL_PASS	PENDING	PENDING	Non-standard handle omits -fragrance-oil suffix. Wave 05 1:1 rewrite drafted in data/translation/pt-PT/pdp-wave-05-1to1-rewrite.md
65	Wave 05	P3	fragrance_oils	ACTIVE	kyoto-matcha-and-coconut-cloud-fragrance-oil	Kyoto Matcha & Coconut Cloud Fragrance Oil	https://aromawax.eu/products/kyoto-matcha-and-coconut-cloud-fragrance-oil	YES	FULL_REWRITE_1_TO_1	CAPTURED	DRAFTED	LOCAL_PASS	PENDING	PENDING	Wave 05 1:1 rewrite drafted in data/translation/pt-PT/pdp-wave-05-1to1-rewrite.md
66	Wave 05	P3	fragrance_oils	ACTIVE	lavender-and-peppermint-fragrance-oil	Lavender & Peppermint Fragrance Oil	https://aromawax.eu/products/lavender-and-peppermint-fragrance-oil	YES	FULL_REWRITE_1_TO_1	CAPTURED	DRAFTED	LOCAL_PASS	PENDING	PENDING	Wave 05 1:1 rewrite drafted in data/translation/pt-PT/pdp-wave-05-1to1-rewrite.md
67	Wave 05	P3	fragrance_oils	ACTIVE	lemongrass-and-honey-fragrance-oil	Lemongrass & Honey Fragrance Oil	https://aromawax.eu/products/lemongrass-and-honey-fragrance-oil	YES	FULL_REWRITE_1_TO_1	CAPTURED	DRAFTED	LOCAL_PASS	PENDING	PENDING	Wave 05 1:1 rewrite drafted in data/translation/pt-PT/pdp-wave-05-1to1-rewrite.md
68	Wave 05	P3	fragrance_oils	ACTIVE	luscious-lime-and-basil-fragrance-oil	Luscious Lime & Basil Fragrance Oil	https://aromawax.eu/products/luscious-lime-and-basil-fragrance-oil	YES	FULL_REWRITE_1_TO_1	CAPTURED	DRAFTED	LOCAL_PASS	PENDING	PENDING	Wave 05 1:1 rewrite drafted in data/translation/pt-PT/pdp-wave-05-1to1-rewrite.md
69	Wave 05	P3	fragrance_oils	ACTIVE	magnolia-and-peach-blossom-fragrance-oil	Magnolia & Peach Blossom Fragrance Oil	https://aromawax.eu/products/magnolia-and-peach-blossom-fragrance-oil	YES	FULL_REWRITE_1_TO_1	CAPTURED	DRAFTED	LOCAL_PASS	PENDING	PENDING	Wave 05 1:1 rewrite drafted in data/translation/pt-PT/pdp-wave-05-1to1-rewrite.md
70	Wave 05	P3	fragrance_oils	ACTIVE	modern-gentleman-fougere-fragrance-oil	Modern Gentleman Fougère Fragrance Oil	https://aromawax.eu/products/modern-gentleman-fougere-fragrance-oil	YES	FULL_REWRITE_1_TO_1	CAPTURED	DRAFTED	LOCAL_PASS	PENDING	PENDING	Wave 05 1:1 rewrite drafted in data/translation/pt-PT/pdp-wave-05-1to1-rewrite.md
71	Wave 05	P3	fragrance_oils	ACTIVE	moroccan-cedar-and-saffron-fragrance-oil	Moroccan Cedar & Saffron Fragrance Oil	https://aromawax.eu/products/moroccan-cedar-and-saffron-fragrance-oil	YES	FULL_REWRITE_1_TO_1	CAPTURED	DRAFTED	LOCAL_PASS	PENDING	PENDING	Wave 05 1:1 rewrite drafted in data/translation/pt-PT/pdp-wave-05-1to1-rewrite.md
72	Wave 05	P3	fragrance_oils	ACTIVE	muscat-and-fig-fragrance-oil	Muscat & Fig Fragrance Oil	https://aromawax.eu/products/muscat-and-fig-fragrance-oil	YES	FULL_REWRITE_1_TO_1	CAPTURED	DRAFTED	LOCAL_PASS	PENDING	PENDING	Wave 05 1:1 rewrite drafted in data/translation/pt-PT/pdp-wave-05-1to1-rewrite.md
73	Wave 05	P3	fragrance_oils	ACTIVE	nutmeg-ginger-spice-fragrance-oil	Nutmeg, Ginger & Spice Fragrance Oil	https://aromawax.eu/products/nutmeg-ginger-spice-fragrance-oil	YES	FULL_REWRITE_1_TO_1	CAPTURED	DRAFTED	LOCAL_PASS	PENDING	PENDING	Wave 05 1:1 rewrite drafted in data/translation/pt-PT/pdp-wave-05-1to1-rewrite.md
74	Wave 05	P3	fragrance_oils	ACTIVE	opium-and-musk-fragrance-oil	Opium & Musk Fragrance Oil	https://aromawax.eu/products/opium-and-musk-fragrance-oil	YES	FULL_REWRITE_1_TO_1	CAPTURED	DRAFTED	LOCAL_PASS	PENDING	PENDING	Wave 05 1:1 rewrite drafted in data/translation/pt-PT/pdp-wave-05-1to1-rewrite.md
75	Wave 05	P3	fragrance_oils	ACTIVE	oud-wood-and-sweet-jasmin-fragrance-oil	Oud Wood & Sweet Jasmin Fragrance Oil	https://aromawax.eu/products/oud-wood-and-sweet-jasmin-fragrance-oil	YES	FULL_REWRITE_1_TO_1	CAPTURED	DRAFTED	LOCAL_PASS	PENDING	PENDING	Wave 05 1:1 rewrite drafted in data/translation/pt-PT/pdp-wave-05-1to1-rewrite.md
76	Wave 05	P3	fragrance_oils	ACTIVE	palo-santo-de-marabi-fragrance-oil	Palo Santo de Marabi Fragrance Oil	https://aromawax.eu/products/palo-santo-de-marabi-fragrance-oil	YES	FULL_REWRITE_1_TO_1	CAPTURED	DRAFTED	LOCAL_PASS	PENDING	PENDING	Wave 05 1:1 rewrite drafted in data/translation/pt-PT/pdp-wave-05-1to1-rewrite.md
77	Wave 05	P3	fragrance_oils	ACTIVE	patchouli-vetiver-fragrance-oil	Patchouli & Vetiver Fragrance Oil	https://aromawax.eu/products/patchouli-vetiver-fragrance-oil	YES	FULL_REWRITE_1_TO_1	CAPTURED	DRAFTED	LOCAL_PASS	PENDING	PENDING	Wave 05 1:1 rewrite drafted in data/translation/pt-PT/pdp-wave-05-1to1-rewrite.md
78	Wave 05	P3	fragrance_oils	ACTIVE	pineapple-creamy-coconut-fragrance-oil-2	Pineapple & Creamy Coconut Fragrance Oil	https://aromawax.eu/products/pineapple-creamy-coconut-fragrance-oil-2	YES	FULL_REWRITE_1_TO_1	CAPTURED	DRAFTED	LOCAL_PASS	PENDING	PENDING	Handle uses -2 suffix. Wave 05 1:1 rewrite drafted in data/translation/pt-PT/pdp-wave-05-1to1-rewrite.md
79	Wave 05	P3	fragrance_oils	ACTIVE	jasmine-fragrance-oil	Pure Jasmine Fragrance Oil	https://aromawax.eu/products/jasmine-fragrance-oil	YES	FULL_REWRITE_1_TO_1	CAPTURED	DRAFTED	LOCAL_PASS	PENDING	PENDING	Wave 05 1:1 rewrite drafted in data/translation/pt-PT/pdp-wave-05-1to1-rewrite.md
80	Wave 05	P3	fragrance_oils	ACTIVE	rose-champagne-fragrance-oil	Rose & Champagne Fragrance Oil	https://aromawax.eu/products/rose-champagne-fragrance-oil	YES	FULL_REWRITE_1_TO_1	CAPTURED	DRAFTED	LOCAL_PASS	PENDING	PENDING	Wave 05 1:1 rewrite drafted in data/translation/pt-PT/pdp-wave-05-1to1-rewrite.md
81	Wave 05	P3	fragrance_oils	ACTIVE	ruby-grapefruit-fragrance-oil	Ruby Grapefruit Fragrance Oil	https://aromawax.eu/products/ruby-grapefruit-fragrance-oil	YES	FULL_REWRITE_1_TO_1	CAPTURED	DRAFTED	LOCAL_PASS	PENDING	PENDING	Wave 05 1:1 rewrite drafted in data/translation/pt-PT/pdp-wave-05-1to1-rewrite.md
82	Wave 05	P3	fragrance_oils	ACTIVE	sage-seasalt-fragrance-oil	Sage & Seasalt Fragrance Oil	https://aromawax.eu/products/sage-seasalt-fragrance-oil	YES	FULL_REWRITE_1_TO_1	CAPTURED	DRAFTED	LOCAL_PASS	PENDING	PENDING	Wave 05 1:1 rewrite drafted in data/translation/pt-PT/pdp-wave-05-1to1-rewrite.md
83	Wave 05	P3	fragrance_oils	ACTIVE	siberian-cedar-and-bergamot-fragrance-oil	Siberian Cedar & Bergamot Fragrance Oil	https://aromawax.eu/products/siberian-cedar-and-bergamot-fragrance-oil	YES	FULL_REWRITE_1_TO_1	CAPTURED	DRAFTED	LOCAL_PASS	PENDING	PENDING	Wave 05 1:1 rewrite drafted in data/translation/pt-PT/pdp-wave-05-1to1-rewrite.md
84	Wave 05	P3	fragrance_oils	ACTIVE	sicilian-neroli-cashmere-fragrance-oil	Sicilian Neroli & Cashmere Fragrance Oil	https://aromawax.eu/products/sicilian-neroli-cashmere-fragrance-oil	YES	FULL_REWRITE_1_TO_1	CAPTURED	DRAFTED	LOCAL_PASS	PENDING	PENDING	Wave 05 1:1 rewrite drafted in data/translation/pt-PT/pdp-wave-05-1to1-rewrite.md
85	Wave 05	P3	fragrance_oils	ACTIVE	smoky-myrrh-sage-fragrance-oil	Smoky Myrrh & Sage Fragrance Oil	https://aromawax.eu/products/smoky-myrrh-sage-fragrance-oil	YES	FULL_REWRITE_1_TO_1	CAPTURED	DRAFTED	LOCAL_PASS	PENDING	PENDING	Wave 05 1:1 rewrite drafted in data/translation/pt-PT/pdp-wave-05-1to1-rewrite.md
86	Wave 05	P3	fragrance_oils	ACTIVE	spiced-apple-cinnamon-fragrance-oil	Spiced Apple & Cinnamon Fragrance Oil	https://aromawax.eu/products/spiced-apple-cinnamon-fragrance-oil	YES	FULL_REWRITE_1_TO_1	CAPTURED	DRAFTED	LOCAL_PASS	PENDING	PENDING	Wave 05 1:1 rewrite drafted in data/translation/pt-PT/pdp-wave-05-1to1-rewrite.md
87	Wave 05	P3	fragrance_oils	ACTIVE	suede-leather-orris-fragrance-oil	Suede Leather & Orris Fragrance Oil	https://aromawax.eu/products/suede-leather-orris-fragrance-oil	YES	FULL_REWRITE_1_TO_1	CAPTURED	DRAFTED	LOCAL_PASS	PENDING	PENDING	Wave 05 1:1 rewrite drafted in data/translation/pt-PT/pdp-wave-05-1to1-rewrite.md
88	Wave 05	P3	fragrance_oils	ACTIVE	sweet-amber-and-smoke-fragrance-oil	Sweet Amber & Smoke Fragrance Oil	https://aromawax.eu/products/sweet-amber-and-smoke-fragrance-oil	YES	FULL_REWRITE_1_TO_1	CAPTURED	DRAFTED	LOCAL_PASS	PENDING	PENDING	Wave 05 1:1 rewrite drafted in data/translation/pt-PT/pdp-wave-05-1to1-rewrite.md
89	Wave 05	P3	fragrance_oils	ACTIVE	tobacco-vanilla-fragrance-oil	Tobacco & Vanilla Fragrance Oil	https://aromawax.eu/products/tobacco-vanilla-fragrance-oil	YES	FULL_REWRITE_1_TO_1	CAPTURED	DRAFTED	LOCAL_PASS	PENDING	PENDING	Wave 05 1:1 rewrite drafted in data/translation/pt-PT/pdp-wave-05-1to1-rewrite.md
90	Wave 05	P3	fragrance_oils	ACTIVE	tomato-leaf-fragrance-oil	Tomato Leaf Fragrance Oil	https://aromawax.eu/products/tomato-leaf-fragrance-oil	YES	FULL_REWRITE_1_TO_1	CAPTURED	DRAFTED	LOCAL_PASS	PENDING	PENDING	Wave 05 1:1 rewrite drafted in data/translation/pt-PT/pdp-wave-05-1to1-rewrite.md
91	Wave 05	P3	fragrance_oils	ACTIVE	vanilla-and-patchouli-fragrance-oil	Vanilla & Patchouli Fragrance Oil	https://aromawax.eu/products/vanilla-and-patchouli-fragrance-oil	YES	FULL_REWRITE_1_TO_1	CAPTURED	DRAFTED	LOCAL_PASS	PENDING	PENDING	Wave 05 1:1 rewrite drafted in data/translation/pt-PT/pdp-wave-05-1to1-rewrite.md
92	Wave 05	P3	fragrance_oils	ACTIVE	vanilla-cream-fragrance-oil	Vanilla Cream Fragrance Oil	https://aromawax.eu/products/vanilla-cream-fragrance-oil	YES	FULL_REWRITE_1_TO_1	CAPTURED	DRAFTED	LOCAL_PASS	PENDING	PENDING	Wave 05 1:1 rewrite drafted in data/translation/pt-PT/pdp-wave-05-1to1-rewrite.md
93	Wave 05	P3	fragrance_oils	ACTIVE	very-gingerbread-fragrance-oil	Very Gingerbread Fragrance Oil	https://aromawax.eu/products/very-gingerbread-fragrance-oil	YES	FULL_REWRITE_1_TO_1	CAPTURED	DRAFTED	LOCAL_PASS	PENDING	PENDING	Wave 05 1:1 rewrite drafted in data/translation/pt-PT/pdp-wave-05-1to1-rewrite.md
94	Wave 05	P3	fragrance_oils	ACTIVE	mango-fragrance-oil	Very Mango Fragrance Oil	https://aromawax.eu/products/mango-fragrance-oil	YES	FULL_REWRITE_1_TO_1	CAPTURED	DRAFTED	LOCAL_PASS	PENDING	PENDING	Handle says mango-fragrance-oil while product title is Very Mango Fragrance Oil. Wave 05 1:1 rewrite drafted in data/translation/pt-PT/pdp-wave-05-1to1-rewrite.md
95	Wave 05	P3	fragrance_oils	ACTIVE	wild-fern-moss-fragrance-oil	Wild Fern & Moss Fragrance Oil	https://aromawax.eu/products/wild-fern-moss-fragrance-oil	YES	FULL_REWRITE_1_TO_1	CAPTURED	DRAFTED	LOCAL_PASS	PENDING	PENDING	Wave 05 1:1 rewrite drafted in data/translation/pt-PT/pdp-wave-05-1to1-rewrite.md
96	Wave 05	P3	fragrance_oils	ACTIVE	wild-strawberry-cream-silk	Wild Strawberry, Cream & Silk Fragrance Oil	https://aromawax.eu/products/wild-strawberry-cream-silk	YES	FULL_REWRITE_1_TO_1	CAPTURED	DRAFTED	LOCAL_PASS	PENDING	PENDING	Non-standard handle omits -fragrance-oil suffix. Wave 05 1:1 rewrite drafted in data/translation/pt-PT/pdp-wave-05-1to1-rewrite.md
97	Wave 05	P3	fragrance_oils	ACTIVE	winter-pines-velvet-petals	Winter Pines & Velvet Petals Fragrance Oil	https://aromawax.eu/products/winter-pines-velvet-petals	YES	FULL_REWRITE_1_TO_1	CAPTURED	DRAFTED	LOCAL_PASS	PENDING	PENDING	Non-standard handle omits -fragrance-oil suffix. Wave 05 1:1 rewrite drafted in data/translation/pt-PT/pdp-wave-05-1to1-rewrite.md
98	Wave 06	P4	sample_fragrance_oils	UNLISTED_SAMPLE	agarwood-noble-incense-fragrance-oil-1	Agarwood & noble incense fragrance oil	https://aromawax.eu/products/agarwood-noble-incense-fragrance-oil-1	YES	FULL_REWRITE_1_TO_1	CAPTURED	DRAFTED	LOCAL_PASS	TEST_PASS	VISUAL_PASS	Wave 06 1:1 rewrite drafted in data/translation/pt-PT/pdp-wave-06-1to1-rewrite.md Wave 06 targeted PRODUCT import verified 2026-04-16; no descriptionHtml/body_html writes.
99	Wave 06	P4	sample_fragrance_oils	UNLISTED_SAMPLE	black-cherry-and-corsican-almond-fragrance-oil-2	Black cherry and corsican almond fragrance oil	https://aromawax.eu/products/black-cherry-and-corsican-almond-fragrance-oil-2	YES	FULL_REWRITE_1_TO_1	CAPTURED	DRAFTED	LOCAL_PASS	TEST_PASS	VISUAL_PASS	Wave 06 1:1 rewrite drafted in data/translation/pt-PT/pdp-wave-06-1to1-rewrite.md Wave 06 targeted PRODUCT import verified 2026-04-16; no descriptionHtml/body_html writes.
100	Wave 06	P4	sample_fragrance_oils	UNLISTED_SAMPLE	black-pepper-velvet-orchid-fragrance-oil-1	Black pepper & velvet orchid fragrance oil	https://aromawax.eu/products/black-pepper-velvet-orchid-fragrance-oil-1	YES	FULL_REWRITE_1_TO_1	CAPTURED	DRAFTED	LOCAL_PASS	TEST_PASS	VISUAL_PASS	Wave 06 1:1 rewrite drafted in data/translation/pt-PT/pdp-wave-06-1to1-rewrite.md Wave 06 targeted PRODUCT import verified 2026-04-16; no descriptionHtml/body_html writes.
101	Wave 06	P4	sample_fragrance_oils	UNLISTED_SAMPLE	black-pepper-sandalwood-tonka-fragrance-oil-1	Black pepper, sandalwood and tonka fragrance oil	https://aromawax.eu/products/black-pepper-sandalwood-tonka-fragrance-oil-1	YES	FULL_REWRITE_1_TO_1	CAPTURED	DRAFTED	LOCAL_PASS	TEST_PASS	VISUAL_PASS	Resolved 2026-04-16: sample handle migrated from black-coconut-fragrance-oil-1 to black-pepper-sandalwood-tonka-fragrance-oil-1 with redirect; live source identity aligned to Black Pepper, Sandalwood and Tonka. Wave 06 1:1 rewrite drafted in data/translation/pt-PT/pdp-wave-06-1to1-rewrite.md Wave 06 targeted PRODUCT import verified 2026-04-16; no descriptionHtml/body_html writes.
102	Wave 06	P4	sample_fragrance_oils	UNLISTED_SAMPLE	by-the-fireplace-fragrance-oil	By the fireplace fragrance oil	https://aromawax.eu/products/by-the-fireplace-fragrance-oil	YES	FULL_REWRITE_1_TO_1	CAPTURED	DRAFTED	LOCAL_PASS	TEST_PASS	VISUAL_PASS	Wave 06 1:1 rewrite drafted in data/translation/pt-PT/pdp-wave-06-1to1-rewrite.md Wave 06 targeted PRODUCT import verified 2026-04-16; no descriptionHtml/body_html writes.
103	Wave 06	P4	sample_fragrance_oils	UNLISTED_SAMPLE	cashmere-wood-tonka-fragrance-oil	Cashmere wood & tonka fragrance oil	https://aromawax.eu/products/cashmere-wood-tonka-fragrance-oil	YES	FULL_REWRITE_1_TO_1	CAPTURED	DRAFTED	LOCAL_PASS	TEST_PASS	VISUAL_PASS	Wave 06 1:1 rewrite drafted in data/translation/pt-PT/pdp-wave-06-1to1-rewrite.md Wave 06 targeted PRODUCT import verified 2026-04-16; no descriptionHtml/body_html writes.
104	Wave 06	P4	sample_fragrance_oils	UNLISTED_SAMPLE	christmas-hearth-fragrance-oil-1	Christmas hearth fragrance oil	https://aromawax.eu/products/christmas-hearth-fragrance-oil-1	YES	FULL_REWRITE_1_TO_1	CAPTURED	DRAFTED	LOCAL_PASS	TEST_PASS	VISUAL_PASS	Wave 06 1:1 rewrite drafted in data/translation/pt-PT/pdp-wave-06-1to1-rewrite.md Wave 06 targeted PRODUCT import verified 2026-04-16; no descriptionHtml/body_html writes.
105	Wave 06	P4	sample_fragrance_oils	UNLISTED_SAMPLE	fresh-cotton-green-tea-fragrance-oil-1	Fresh cotton & green tea fragrance oil	https://aromawax.eu/products/fresh-cotton-green-tea-fragrance-oil-1	YES	FULL_REWRITE_1_TO_1	CAPTURED	DRAFTED	LOCAL_PASS	TEST_PASS	VISUAL_PASS	Wave 06 1:1 rewrite drafted in data/translation/pt-PT/pdp-wave-06-1to1-rewrite.md Wave 06 targeted PRODUCT import verified 2026-04-16; no descriptionHtml/body_html writes.
106	Wave 06	P4	sample_fragrance_oils	UNLISTED_SAMPLE	fresh-cut-grass-fragrance-oil-1	Fresh cut grass fragrance oil	https://aromawax.eu/products/fresh-cut-grass-fragrance-oil-1	YES	FULL_REWRITE_1_TO_1	CAPTURED	DRAFTED	LOCAL_PASS	TEST_PASS	VISUAL_PASS	Wave 06 1:1 rewrite drafted in data/translation/pt-PT/pdp-wave-06-1to1-rewrite.md Wave 06 targeted PRODUCT import verified 2026-04-16; no descriptionHtml/body_html writes.
107	Wave 06	P4	sample_fragrance_oils	UNLISTED_SAMPLE	fresh-cut-peony-fragrance-oil-1	Fresh cut peony fragrance oil	https://aromawax.eu/products/fresh-cut-peony-fragrance-oil-1	YES	FULL_REWRITE_1_TO_1	CAPTURED	DRAFTED	LOCAL_PASS	TEST_PASS	VISUAL_PASS	Wave 06 1:1 rewrite drafted in data/translation/pt-PT/pdp-wave-06-1to1-rewrite.md Wave 06 targeted PRODUCT import verified 2026-04-16; no descriptionHtml/body_html writes.
108	Wave 06	P4	sample_fragrance_oils	UNLISTED_SAMPLE	green-cardamom-eucalyptus-fragrance-oil-1	Green cardamom & eucalyptus fragrance oil	https://aromawax.eu/products/green-cardamom-eucalyptus-fragrance-oil-1	YES	FULL_REWRITE_1_TO_1	CAPTURED	DRAFTED	LOCAL_PASS	TEST_PASS	VISUAL_PASS	Wave 06 1:1 rewrite drafted in data/translation/pt-PT/pdp-wave-06-1to1-rewrite.md Wave 06 targeted PRODUCT import verified 2026-04-16; no descriptionHtml/body_html writes.
109	Wave 06	P4	sample_fragrance_oils	UNLISTED_SAMPLE	green-fig-and-wild-mushroom-fragrance-oil-1	Green fig and wild mushroom fragrance oil	https://aromawax.eu/products/green-fig-and-wild-mushroom-fragrance-oil-1	YES	FULL_REWRITE_1_TO_1	CAPTURED	DRAFTED	LOCAL_PASS	TEST_PASS	VISUAL_PASS	Wave 06 1:1 rewrite drafted in data/translation/pt-PT/pdp-wave-06-1to1-rewrite.md Wave 06 targeted PRODUCT import verified 2026-04-16; no descriptionHtml/body_html writes.
110	Wave 06	P4	sample_fragrance_oils	UNLISTED_SAMPLE	kyoto-matcha-coconut-cloud-fragrance-oil-1	Kyoto matcha & coconut cloud fragrance oil	https://aromawax.eu/products/kyoto-matcha-coconut-cloud-fragrance-oil-1	YES	FULL_REWRITE_1_TO_1	CAPTURED	DRAFTED	LOCAL_PASS	TEST_PASS	VISUAL_PASS	Wave 06 1:1 rewrite drafted in data/translation/pt-PT/pdp-wave-06-1to1-rewrite.md Wave 06 targeted PRODUCT import verified 2026-04-16; no descriptionHtml/body_html writes.
111	Wave 06	P4	sample_fragrance_oils	UNLISTED_SAMPLE	lavender-peppermint-fragrance-oil	Lavender & peppermint fragrance oil	https://aromawax.eu/products/lavender-peppermint-fragrance-oil	YES	FULL_REWRITE_1_TO_1	CAPTURED	DRAFTED	LOCAL_PASS	TEST_PASS	VISUAL_PASS	Wave 06 1:1 rewrite drafted in data/translation/pt-PT/pdp-wave-06-1to1-rewrite.md Wave 06 targeted PRODUCT import verified 2026-04-16; no descriptionHtml/body_html writes.
112	Wave 06	P4	sample_fragrance_oils	UNLISTED_SAMPLE	lemongrass-honey-fragrance-oil	Lemongrass & honey fragrance oil	https://aromawax.eu/products/lemongrass-honey-fragrance-oil	YES	FULL_REWRITE_1_TO_1	CAPTURED	DRAFTED	LOCAL_PASS	TEST_PASS	VISUAL_PASS	Wave 06 1:1 rewrite drafted in data/translation/pt-PT/pdp-wave-06-1to1-rewrite.md Wave 06 targeted PRODUCT import verified 2026-04-16; no descriptionHtml/body_html writes.
113	Wave 06	P4	sample_fragrance_oils	UNLISTED_SAMPLE	luscious-lime-basil-fragrance-oil-1	Luscious lime & basil fragrance oil	https://aromawax.eu/products/luscious-lime-basil-fragrance-oil-1	YES	FULL_REWRITE_1_TO_1	CAPTURED	DRAFTED	LOCAL_PASS	TEST_PASS	VISUAL_PASS	Wave 06 1:1 rewrite drafted in data/translation/pt-PT/pdp-wave-06-1to1-rewrite.md Wave 06 targeted PRODUCT import verified 2026-04-16; no descriptionHtml/body_html writes.
114	Wave 06	P4	sample_fragrance_oils	UNLISTED_SAMPLE	magnolia-peach-blossom-fragrance-oil	Magnolia & peach blossom fragrance oil	https://aromawax.eu/products/magnolia-peach-blossom-fragrance-oil	YES	FULL_REWRITE_1_TO_1	CAPTURED	DRAFTED	LOCAL_PASS	TEST_PASS	VISUAL_PASS	Wave 06 1:1 rewrite drafted in data/translation/pt-PT/pdp-wave-06-1to1-rewrite.md Wave 06 targeted PRODUCT import verified 2026-04-16; no descriptionHtml/body_html writes.
115	Wave 06	P4	sample_fragrance_oils	UNLISTED_SAMPLE	modern-gentleman-fougere-fragrance-oil-1	Modern gentleman fougère fragrance oil	https://aromawax.eu/products/modern-gentleman-fougere-fragrance-oil-1	YES	FULL_REWRITE_1_TO_1	CAPTURED	DRAFTED	LOCAL_PASS	TEST_PASS	VISUAL_PASS	Wave 06 1:1 rewrite drafted in data/translation/pt-PT/pdp-wave-06-1to1-rewrite.md Wave 06 targeted PRODUCT import verified 2026-04-16; no descriptionHtml/body_html writes.
116	Wave 06	P4	sample_fragrance_oils	UNLISTED_SAMPLE	moroccan-cedar-saffron-fragrance-oil	Moroccan cedar & saffron fragrance oil	https://aromawax.eu/products/moroccan-cedar-saffron-fragrance-oil	YES	FULL_REWRITE_1_TO_1	CAPTURED	DRAFTED	LOCAL_PASS	TEST_PASS	VISUAL_PASS	Wave 06 1:1 rewrite drafted in data/translation/pt-PT/pdp-wave-06-1to1-rewrite.md Wave 06 targeted PRODUCT import verified 2026-04-16; no descriptionHtml/body_html writes.
117	Wave 06	P4	sample_fragrance_oils	UNLISTED_SAMPLE	muscat-fig-fragrance-oil	Muscat & fig fragrance oil	https://aromawax.eu/products/muscat-fig-fragrance-oil	YES	FULL_REWRITE_1_TO_1	CAPTURED	DRAFTED	LOCAL_PASS	TEST_PASS	VISUAL_PASS	Wave 06 1:1 rewrite drafted in data/translation/pt-PT/pdp-wave-06-1to1-rewrite.md Wave 06 targeted PRODUCT import verified 2026-04-16; no descriptionHtml/body_html writes.
118	Wave 06	P4	sample_fragrance_oils	UNLISTED_SAMPLE	nutmeg-ginger-spice-fragrance-oil-1	Nutmeg, ginger & spice fragrance oil	https://aromawax.eu/products/nutmeg-ginger-spice-fragrance-oil-1	YES	FULL_REWRITE_1_TO_1	CAPTURED	DRAFTED	LOCAL_PASS	TEST_PASS	VISUAL_PASS	Wave 06 1:1 rewrite drafted in data/translation/pt-PT/pdp-wave-06-1to1-rewrite.md Wave 06 targeted PRODUCT import verified 2026-04-16; no descriptionHtml/body_html writes.
119	Wave 06	P4	sample_fragrance_oils	UNLISTED_SAMPLE	opium-musk-fragrance-oil-1	Opium & musk fragrance oil	https://aromawax.eu/products/opium-musk-fragrance-oil-1	YES	FULL_REWRITE_1_TO_1	CAPTURED	DRAFTED	LOCAL_PASS	TEST_PASS	VISUAL_PASS	Wave 06 1:1 rewrite drafted in data/translation/pt-PT/pdp-wave-06-1to1-rewrite.md Wave 06 targeted PRODUCT import verified 2026-04-16; no descriptionHtml/body_html writes.
120	Wave 06	P4	sample_fragrance_oils	UNLISTED_SAMPLE	oud-wood-sweet-jasmin-fragrance-oil	Oud wood & sweet jasmin fragrance oil	https://aromawax.eu/products/oud-wood-sweet-jasmin-fragrance-oil	YES	FULL_REWRITE_1_TO_1	CAPTURED	DRAFTED	LOCAL_PASS	TEST_PASS	VISUAL_PASS	Wave 06 1:1 rewrite drafted in data/translation/pt-PT/pdp-wave-06-1to1-rewrite.md Wave 06 targeted PRODUCT import verified 2026-04-16; no descriptionHtml/body_html writes.
121	Wave 06	P4	sample_fragrance_oils	UNLISTED_SAMPLE	palo-santo-de-marabi-fragrance-oil-1	Palo santo de marabi fragrance oil	https://aromawax.eu/products/palo-santo-de-marabi-fragrance-oil-1	YES	FULL_REWRITE_1_TO_1	CAPTURED	DRAFTED	LOCAL_PASS	TEST_PASS	VISUAL_PASS	Wave 06 1:1 rewrite drafted in data/translation/pt-PT/pdp-wave-06-1to1-rewrite.md Wave 06 targeted PRODUCT import verified 2026-04-16; no descriptionHtml/body_html writes.
122	Wave 06	P4	sample_fragrance_oils	UNLISTED_SAMPLE	patchouli-vetiver-fragrance-oil-1	Patchouli & vetiver fragrance oil	https://aromawax.eu/products/patchouli-vetiver-fragrance-oil-1	YES	FULL_REWRITE_1_TO_1	CAPTURED	DRAFTED	LOCAL_PASS	TEST_PASS	VISUAL_PASS	Wave 06 1:1 rewrite drafted in data/translation/pt-PT/pdp-wave-06-1to1-rewrite.md Wave 06 targeted PRODUCT import verified 2026-04-16; no descriptionHtml/body_html writes.
123	Wave 06	P4	sample_fragrance_oils	UNLISTED_SAMPLE	pineapple-creamy-coconut-fragrance-oil	Pineapple & creamy coconut fragrance oil	https://aromawax.eu/products/pineapple-creamy-coconut-fragrance-oil	YES	FULL_REWRITE_1_TO_1	CAPTURED	DRAFTED	LOCAL_PASS	TEST_PASS	VISUAL_PASS	Wave 06 1:1 rewrite drafted in data/translation/pt-PT/pdp-wave-06-1to1-rewrite.md Wave 06 targeted PRODUCT import verified 2026-04-16; no descriptionHtml/body_html writes.
124	Wave 06	P4	sample_fragrance_oils	UNLISTED_SAMPLE	pure-jasmine-fragrance-oil	Pure jasmine fragrance oil	https://aromawax.eu/products/pure-jasmine-fragrance-oil	YES	FULL_REWRITE_1_TO_1	CAPTURED	DRAFTED	LOCAL_PASS	TEST_PASS	VISUAL_PASS	Wave 06 1:1 rewrite drafted in data/translation/pt-PT/pdp-wave-06-1to1-rewrite.md Wave 06 targeted PRODUCT import verified 2026-04-16; no descriptionHtml/body_html writes.
125	Wave 06	P4	sample_fragrance_oils	UNLISTED_SAMPLE	rose-champagne-fragrance-oil-2	Rose & champagne fragrance oil	https://aromawax.eu/products/rose-champagne-fragrance-oil-2	YES	FULL_REWRITE_1_TO_1	CAPTURED	DRAFTED	LOCAL_PASS	TEST_PASS	VISUAL_PASS	Wave 06 1:1 rewrite drafted in data/translation/pt-PT/pdp-wave-06-1to1-rewrite.md Wave 06 targeted PRODUCT import verified 2026-04-16; no descriptionHtml/body_html writes.
126	Wave 06	P4	sample_fragrance_oils	UNLISTED_SAMPLE	ruby-grapefruit-fragrance-oil-1	Ruby grapefruit fragrance oil	https://aromawax.eu/products/ruby-grapefruit-fragrance-oil-1	YES	FULL_REWRITE_1_TO_1	CAPTURED	DRAFTED	LOCAL_PASS	TEST_PASS	VISUAL_PASS	Wave 06 1:1 rewrite drafted in data/translation/pt-PT/pdp-wave-06-1to1-rewrite.md Wave 06 targeted PRODUCT import verified 2026-04-16; no descriptionHtml/body_html writes.
127	Wave 06	P4	sample_fragrance_oils	UNLISTED_SAMPLE	sage-seasalt-fragrance-oil-1	Sage & seasalt fragrance oil	https://aromawax.eu/products/sage-seasalt-fragrance-oil-1	YES	FULL_REWRITE_1_TO_1	CAPTURED	DRAFTED	LOCAL_PASS	TEST_PASS	VISUAL_PASS	Wave 06 1:1 rewrite drafted in data/translation/pt-PT/pdp-wave-06-1to1-rewrite.md Wave 06 targeted PRODUCT import verified 2026-04-16; no descriptionHtml/body_html writes.
128	Wave 06	P4	sample_fragrance_oils	UNLISTED_SAMPLE	siberian-cedar-bergamot-fragrance-oil	Siberian cedar & bergamot fragrance oil	https://aromawax.eu/products/siberian-cedar-bergamot-fragrance-oil	YES	FULL_REWRITE_1_TO_1	CAPTURED	DRAFTED	LOCAL_PASS	TEST_PASS	VISUAL_PASS	Wave 06 1:1 rewrite drafted in data/translation/pt-PT/pdp-wave-06-1to1-rewrite.md Wave 06 targeted PRODUCT import verified 2026-04-16; no descriptionHtml/body_html writes.
129	Wave 06	P4	sample_fragrance_oils	UNLISTED_SAMPLE	sicilian-neroli-cashmere-fragrance-oil-1	Sicilian neroli & cashmere fragrance oil	https://aromawax.eu/products/sicilian-neroli-cashmere-fragrance-oil-1	YES	FULL_REWRITE_1_TO_1	CAPTURED	DRAFTED	LOCAL_PASS	TEST_PASS	VISUAL_PASS	Resolved 2026-04-16: sample handle migrated from winter-pines-velvet-petals-fragrance-oil-1 to sicilian-neroli-cashmere-fragrance-oil-1 with redirect; live source identity aligned to Sicilian Neroli & Cashmere. Wave 06 1:1 rewrite drafted in data/translation/pt-PT/pdp-wave-06-1to1-rewrite.md Wave 06 targeted PRODUCT import verified 2026-04-16; no descriptionHtml/body_html writes.
130	Wave 06	P4	sample_fragrance_oils	UNLISTED_SAMPLE	smoky-myrrh-sage-fragrance-oil-1	Smoky myrrh & sage fragrance oil	https://aromawax.eu/products/smoky-myrrh-sage-fragrance-oil-1	YES	FULL_REWRITE_1_TO_1	CAPTURED	DRAFTED	LOCAL_PASS	TEST_PASS	VISUAL_PASS	Wave 06 1:1 rewrite drafted in data/translation/pt-PT/pdp-wave-06-1to1-rewrite.md Wave 06 targeted PRODUCT import verified 2026-04-16; no descriptionHtml/body_html writes.
131	Wave 06	P4	sample_fragrance_oils	UNLISTED_SAMPLE	spiced-apple-cinnamon-fragrance-oil-2	Spiced apple & cinnamon fragrance oil	https://aromawax.eu/products/spiced-apple-cinnamon-fragrance-oil-2	YES	FULL_REWRITE_1_TO_1	CAPTURED	DRAFTED	LOCAL_PASS	TEST_PASS	VISUAL_PASS	Wave 06 1:1 rewrite drafted in data/translation/pt-PT/pdp-wave-06-1to1-rewrite.md Wave 06 targeted PRODUCT import verified 2026-04-16; no descriptionHtml/body_html writes.
132	Wave 06	P4	sample_fragrance_oils	UNLISTED_SAMPLE	suede-leather-orris-fragrance-oil-1	Suede leather & orris fragrance oil	https://aromawax.eu/products/suede-leather-orris-fragrance-oil-1	YES	FULL_REWRITE_1_TO_1	CAPTURED	DRAFTED	LOCAL_PASS	TEST_PASS	VISUAL_PASS	Wave 06 1:1 rewrite drafted in data/translation/pt-PT/pdp-wave-06-1to1-rewrite.md Wave 06 targeted PRODUCT import verified 2026-04-16; no descriptionHtml/body_html writes.
133	Wave 06	P4	sample_fragrance_oils	UNLISTED_SAMPLE	sweet-amber-smoke-fragrance-oil	Sweet amber & smoke fragrance oil	https://aromawax.eu/products/sweet-amber-smoke-fragrance-oil	YES	FULL_REWRITE_1_TO_1	CAPTURED	DRAFTED	LOCAL_PASS	TEST_PASS	VISUAL_PASS	Wave 06 1:1 rewrite drafted in data/translation/pt-PT/pdp-wave-06-1to1-rewrite.md Wave 06 targeted PRODUCT import verified 2026-04-16; no descriptionHtml/body_html writes.
134	Wave 06	P4	sample_fragrance_oils	UNLISTED_SAMPLE	tobacco-vanilla-fragrance-oil-1	Tobacco & vanilla fragrance oil	https://aromawax.eu/products/tobacco-vanilla-fragrance-oil-1	YES	FULL_REWRITE_1_TO_1	CAPTURED	DRAFTED	LOCAL_PASS	TEST_PASS	VISUAL_PASS	Wave 06 1:1 rewrite drafted in data/translation/pt-PT/pdp-wave-06-1to1-rewrite.md Wave 06 targeted PRODUCT import verified 2026-04-16; no descriptionHtml/body_html writes.
135	Wave 06	P4	sample_fragrance_oils	UNLISTED_SAMPLE	tomato-leaf-fragrance-oil-1	Tomato leaf fragrance oil	https://aromawax.eu/products/tomato-leaf-fragrance-oil-1	YES	FULL_REWRITE_1_TO_1	CAPTURED	DRAFTED	LOCAL_PASS	TEST_PASS	VISUAL_PASS	Wave 06 1:1 rewrite drafted in data/translation/pt-PT/pdp-wave-06-1to1-rewrite.md Wave 06 targeted PRODUCT import verified 2026-04-16; no descriptionHtml/body_html writes.
136	Wave 06	P4	sample_fragrance_oils	UNLISTED_SAMPLE	vanilla-patchouli-fragrance-oil	Vanilla & patchouli fragrance oil	https://aromawax.eu/products/vanilla-patchouli-fragrance-oil	YES	FULL_REWRITE_1_TO_1	CAPTURED	DRAFTED	LOCAL_PASS	TEST_PASS	VISUAL_PASS	Wave 06 1:1 rewrite drafted in data/translation/pt-PT/pdp-wave-06-1to1-rewrite.md Wave 06 targeted PRODUCT import verified 2026-04-16; no descriptionHtml/body_html writes.
137	Wave 06	P4	sample_fragrance_oils	UNLISTED_SAMPLE	vanilla-cream-fragrance-oil-1	Vanilla cream fragrance oil	https://aromawax.eu/products/vanilla-cream-fragrance-oil-1	YES	FULL_REWRITE_1_TO_1	CAPTURED	DRAFTED	LOCAL_PASS	TEST_PASS	VISUAL_PASS	Wave 06 1:1 rewrite drafted in data/translation/pt-PT/pdp-wave-06-1to1-rewrite.md Wave 06 targeted PRODUCT import verified 2026-04-16; no descriptionHtml/body_html writes.
138	Wave 06	P4	sample_fragrance_oils	UNLISTED_SAMPLE	very-gingerbread-fragrance-oil-1	Very gingerbread fragrance oil	https://aromawax.eu/products/very-gingerbread-fragrance-oil-1	YES	FULL_REWRITE_1_TO_1	CAPTURED	DRAFTED	LOCAL_PASS	TEST_PASS	VISUAL_PASS	Wave 06 1:1 rewrite drafted in data/translation/pt-PT/pdp-wave-06-1to1-rewrite.md Wave 06 targeted PRODUCT import verified 2026-04-16; no descriptionHtml/body_html writes.
139	Wave 06	P4	sample_fragrance_oils	UNLISTED_SAMPLE	very-mango-fragrance-oil	Very mango fragrance oil	https://aromawax.eu/products/very-mango-fragrance-oil	YES	FULL_REWRITE_1_TO_1	CAPTURED	DRAFTED	LOCAL_PASS	TEST_PASS	VISUAL_PASS	Wave 06 1:1 rewrite drafted in data/translation/pt-PT/pdp-wave-06-1to1-rewrite.md Wave 06 targeted PRODUCT import verified 2026-04-16; no descriptionHtml/body_html writes.
140	Wave 06	P4	sample_fragrance_oils	UNLISTED_SAMPLE	wild-fern-moss-fragrance-oil-1	Wild fern & moss fragrance oil	https://aromawax.eu/products/wild-fern-moss-fragrance-oil-1	YES	FULL_REWRITE_1_TO_1	CAPTURED	DRAFTED	LOCAL_PASS	TEST_PASS	VISUAL_PASS	Wave 06 1:1 rewrite drafted in data/translation/pt-PT/pdp-wave-06-1to1-rewrite.md Wave 06 targeted PRODUCT import verified 2026-04-16; no descriptionHtml/body_html writes.
141	Wave 06	P4	sample_fragrance_oils	UNLISTED_SAMPLE	wild-strawberry-cream-silk-fragrance-oil	Wild strawberry, cream & silk fragrance oil	https://aromawax.eu/products/wild-strawberry-cream-silk-fragrance-oil	YES	FULL_REWRITE_1_TO_1	CAPTURED	DRAFTED	LOCAL_PASS	TEST_PASS	VISUAL_PASS	Wave 06 1:1 rewrite drafted in data/translation/pt-PT/pdp-wave-06-1to1-rewrite.md Wave 06 targeted PRODUCT import verified 2026-04-16; no descriptionHtml/body_html writes.
142	Wave 06	P4	sample_fragrance_oils	UNLISTED_SAMPLE	winter-pines-velvet-petals-fragrance-oil	Winter pines & velvet petals fragrance oil	https://aromawax.eu/products/winter-pines-velvet-petals-fragrance-oil	YES	FULL_REWRITE_1_TO_1	CAPTURED	DRAFTED	LOCAL_PASS	TEST_PASS	VISUAL_PASS	Wave 06 1:1 rewrite drafted in data/translation/pt-PT/pdp-wave-06-1to1-rewrite.md Wave 06 targeted PRODUCT import verified 2026-04-16; no descriptionHtml/body_html writes.
